{"type":"Metric","data":{"name":"http_reqs","type":"counter","contains":"default","thresholds":[],"submetrics":null},"metric":"http_reqs"}
{"metric":"http_reqs","type":"Point","data":{"time":"2026-02-07T13:56:47.4786606+07:00","value":1,"tags":{"expected_response":"true","group":"","method":"POST","name":"https://belajar-bareng.onrender.com/api/login","proto":"HTTP/2.0","scenario":"default","status":"200","tls_version":"tls1.3","url":"https://belajar-bareng.onrender.com/api/login"}}}
{"type":"Metric","data":{"name":"http_req_duration","type":"trend","contains":"time","thresholds":[],"submetrics":[{"name":"http_req_duration{expected_response:true}","suffix":"expected_response:true","tags":{"expected_response":"true"}}]},"metric":"http_req_duration"}
{"metric":"http_req_duration","type":"Point","data":{"time":"2026-02-07T13:56:47.4786606+07:00","value":342.3243,"tags":{"expected_response":"true","group":"","method":"POST","name":"https://belajar-bareng.onrender.com/api/login","proto":"HTTP/2.0","scenario":"default","status":"200","tls_version":"tls1.3","url":"https://belajar-bareng.onrender.com/api/login"}}}
{"type":"Metric","data":{"name":"http_req_blocked","type":"trend","contains":"time","thresholds":[],"submetrics":null},"metric":"http_req_blocked"}
{"metric":"http_req_blocked","type":"Point","data":{"time":"2026-02-07T13:56:47.4786606+07:00","value":224.5254,"tags":{"expected_response":"true","group":"","method":"POST","name":"https://belajar-bareng.onrender.com/api/login","proto":"HTTP/2.0","scenario":"default","status":"200","tls_version":"tls1.3","url":"https://belajar-bareng.onrender.com/api/login"}}}
{"type":"Metric","data":{"name":"http_req_connecting","type":"trend","contains":"time","thresholds":[],"submetrics":null},"metric":"http_req_connecting"}
{"metric":"http_req_connecting","type":"Point","data":{"time":"2026-02-07T13:56:47.4786606+07:00","value":45.7897,"tags":{"expected_response":"true","group":"","method":"POST","name":"https://belajar-bareng.onrender.com/api/login","proto":"HTTP/2.0","scenario":"default","status":"200","tls_version":"tls1.3","url":"https://belajar-bareng.onrender.com/api/login"}}}
{"type":"Metric","data":{"name":"http_req_tls_handshaking","type":"trend","contains":"time","thresholds":[],"submetrics":null},"metric":"http_req_tls_handshaking"}
{"metric":"http_req_tls_handshaking","type":"Point","data":{"time":"2026-02-07T13:56:47.4786606+07:00","value":95.8901,"tags":{"expected_response":"true","group":"","method":"POST","name":"https://belajar-bareng.onrender.com/api/login","proto":"HTTP/2.0","scenario":"default","status":"200","tls_version":"tls1.3","url":"https://belajar-bareng.onrender.com/api/login"}}}
{"type":"Metric","data":{"name":"http_req_sending","type":"trend","contains":"time","thresholds":[],"submetrics":null},"metric":"http_req_sending"}
{"metric":"http_req_sending","type":"Point","data":{"time":"2026-02-07T13:56:47.4786606+07:00","value":0.5249,"tags":{"expected_response":"true","group":"","method":"POST","name":"https://belajar-bareng.onrender.com/api/login","proto":"HTTP/2.0","scenario":"default","status":"200","tls_version":"tls1.3","url":"https://belajar-bareng.onrender.com/api/login"}}}
{"type":"Metric","data":{"name":"http_req_waiting","type":"trend","contains":"time","thresholds":[],"submetrics":null},"metric":"http_req_waiting"}
{"metric":"http_req_waiting","type":"Point","data":{"time":"2026-02-07T13:56:47.4786606+07:00","value":341.7994,"tags":{"expected_response":"true","group":"","method":"POST","name":"https://belajar-bareng.onrender.com/api/login","proto":"HTTP/2.0","scenario":"default","status":"200","tls_version":"tls1.3","url":"https://belajar-bareng.onrender.com/api/login"}}}
{"type":"Metric","data":{"name":"http_req_receiving","type":"trend","contains":"time","thresholds":[],"submetrics":null},"metric":"http_req_receiving"}
{"metric":"http_req_receiving","type":"Point","data":{"time":"2026-02-07T13:56:47.4786606+07:00","value":0,"tags":{"expected_response":"true","group":"","method":"POST","name":"https://belajar-bareng.onrender.com/api/login","proto":"HTTP/2.0","scenario":"default","status":"200","tls_version":"tls1.3","url":"https://belajar-bareng.onrender.com/api/login"}}}
{"type":"Metric","data":{"name":"http_req_failed","type":"rate","contains":"default","thresholds":[],"submetrics":null},"metric":"http_req_failed"}
{"metric":"http_req_failed","type":"Point","data":{"time":"2026-02-07T13:56:47.4786606+07:00","value":0,"tags":{"expected_response":"true","group":"","method":"POST","name":"https://belajar-bareng.onrender.com/api/login","proto":"HTTP/2.0","scenario":"default","status":"200","tls_version":"tls1.3","url":"https://belajar-bareng.onrender.com/api/login"}}}
{"type":"Metric","data":{"name":"checks","type":"rate","contains":"default","thresholds":[],"submetrics":null},"metric":"checks"}
{"metric":"checks","type":"Point","data":{"time":"2026-02-07T13:56:47.4786606+07:00","value":1,"tags":{"check":"Login status code is 200 or 201","group":"","scenario":"default"}}}
{"metric":"checks","type":"Point","data":{"time":"2026-02-07T13:56:47.4786606+07:00","value":1,"tags":{"check":"Login response time \u003c 1s","group":"","scenario":"default"}}}
{"metric":"http_reqs","type":"Point","data":{"time":"2026-02-07T13:56:47.9026145+07:00","value":1,"tags":{"expected_response":"true","group":"","method":"GET","name":"https://belajar-bareng.onrender.com/api/users","proto":"HTTP/2.0","scenario":"default","status":"200","tls_version":"tls1.3","url":"https://belajar-bareng.onrender.com/api/users"}}}
{"metric":"http_req_duration","type":"Point","data":{"time":"2026-02-07T13:56:47.9026145+07:00","value":423.446,"tags":{"expected_response":"true","group":"","method":"GET","name":"https://belajar-bareng.onrender.com/api/users","proto":"HTTP/2.0","scenario":"default","status":"200","tls_version":"tls1.3","url":"https://belajar-bareng.onrender.com/api/users"}}}
{"metric":"http_req_blocked","type":"Point","data":{"time":"2026-02-07T13:56:47.9026145+07:00","value":0,"tags":{"expected_response":"true","group":"","method":"GET","name":"https://belajar-bareng.onrender.com/api/users","proto":"HTTP/2.0","scenario":"default","status":"200","tls_version":"tls1.3","url":"https://belajar-bareng.onrender.com/api/users"}}}
{"metric":"http_req_connecting","type":"Point","data":{"time":"2026-02-07T13:56:47.9026145+07:00","value":0,"tags":{"expected_response":"true","group":"","method":"GET","name":"https://belajar-bareng.onrender.com/api/users","proto":"HTTP/2.0","scenario":"default","status":"200","tls_version":"tls1.3","url":"https://belajar-bareng.onrender.com/api/users"}}}
{"metric":"http_req_tls_handshaking","type":"Point","data":{"time":"2026-02-07T13:56:47.9026145+07:00","value":0,"tags":{"expected_response":"true","group":"","method":"GET","name":"https://belajar-bareng.onrender.com/api/users","proto":"HTTP/2.0","scenario":"default","status":"200","tls_version":"tls1.3","url":"https://belajar-bareng.onrender.com/api/users"}}}
{"metric":"http_req_sending","type":"Point","data":{"time":"2026-02-07T13:56:47.9026145+07:00","value":0,"tags":{"expected_response":"true","group":"","method":"GET","name":"https://belajar-bareng.onrender.com/api/users","proto":"HTTP/2.0","scenario":"default","status":"200","tls_version":"tls1.3","url":"https://belajar-bareng.onrender.com/api/users"}}}
{"metric":"http_req_waiting","type":"Point","data":{"time":"2026-02-07T13:56:47.9026145+07:00","value":423.446,"tags":{"expected_response":"true","group":"","method":"GET","name":"https://belajar-bareng.onrender.com/api/users","proto":"HTTP/2.0","scenario":"default","status":"200","tls_version":"tls1.3","url":"https://belajar-bareng.onrender.com/api/users"}}}
{"metric":"http_req_receiving","type":"Point","data":{"time":"2026-02-07T13:56:47.9026145+07:00","value":0,"tags":{"expected_response":"true","group":"","method":"GET","name":"https://belajar-bareng.onrender.com/api/users","proto":"HTTP/2.0","scenario":"default","status":"200","tls_version":"tls1.3","url":"https://belajar-bareng.onrender.com/api/users"}}}
{"metric":"http_req_failed","type":"Point","data":{"time":"2026-02-07T13:56:47.9026145+07:00","value":0,"tags":{"expected_response":"true","group":"","method":"GET","name":"https://belajar-bareng.onrender.com/api/users","proto":"HTTP/2.0","scenario":"default","status":"200","tls_version":"tls1.3","url":"https://belajar-bareng.onrender.com/api/users"}}}
{"metric":"checks","type":"Point","data":{"time":"2026-02-07T13:56:47.9026145+07:00","value":1,"tags":{"check":"Get users status code is 200","group":"","scenario":"default"}}}
{"metric":"checks","type":"Point","data":{"time":"2026-02-07T13:56:47.9026145+07:00","value":1,"tags":{"check":"Get users response time \u003c 1s","group":"","scenario":"default"}}}
{"type":"Metric","data":{"name":"data_sent","type":"counter","contains":"data","thresholds":[],"submetrics":null},"metric":"data_sent"}
{"metric":"data_sent","type":"Point","data":{"time":"2026-02-07T13:56:47.9026145+07:00","value":2065,"tags":{"group":"","scenario":"default"}}}
{"type":"Metric","data":{"name":"data_received","type":"counter","contains":"data","thresholds":[],"submetrics":null},"metric":"data_received"}
{"metric":"data_received","type":"Point","data":{"time":"2026-02-07T13:56:47.9026145+07:00","value":6326,"tags":{"group":"","scenario":"default"}}}
{"type":"Metric","data":{"name":"iteration_duration","type":"trend","contains":"time","thresholds":[],"submetrics":null},"metric":"iteration_duration"}
{"metric":"iteration_duration","type":"Point","data":{"time":"2026-02-07T13:56:47.9026145+07:00","value":991.1229,"tags":{"group":"","scenario":"default"}}}
{"type":"Metric","data":{"name":"iterations","type":"counter","contains":"default","thresholds":[],"submetrics":null},"metric":"iterations"}
{"metric":"iterations","type":"Point","data":{"time":"2026-02-07T13:56:47.9026145+07:00","value":1,"tags":{"group":"","scenario":"default"}}}
